{
  "alive_time": 0.05000000074505806,
  "angle": [
    2.3010001182556152,
    -1.1759999990463257,
    -0.050999999046325684
  ],
  "begin_color": [
    0.7836162447929382,
    0.7986716628074646,
    0.08752565830945969,
    0.9921568632125854
  ],
  "count": 5180,
  "end_angle": 5.831999778747559,
  "end_angle_velocity": [
    4.699999809265137,
    14.0,
    0.0
  ],
  "end_color": [
    0.028913892805576324,
    0.8816936612129211,
    0.8084160089492798,
    0.37254902720451355
  ],
  "end_spread": [
    10.0,
    9863.5
  ],
  "end_velocity": [
    1000.0,
    90.80000305175781
  ],
  "expansion_power": 11.649999618530273,
  "image_path": "../images/circle.png",
  "jitter_end": [
    4.099999904632568,
    2.0999999046325684
  ],
  "jitter_speed": 24.899999618530273,
  "jitter_start": [
    180.89999389648438,
    409.1000061035156
  ],
  "position": [
    0.0,
    0.0,
    10.0
  ],
  "shape": "particles",
  "spawn_spacing": [
    1818.0,
    426.0
  ],
  "start_angle_velocity": [
    9.5,
    28.200000762939453,
    0.0
  ],
  "start_size": [
    10.0,
    10.0
  ],
  "start_spread": [
    100.0,
    29938.80078125
  ],
  "start_velocity": [
    47.0,
    10000.0
  ]
}