{
  "alive_time": 1.6100000143051147,
  "begin_angle": 0.05000000074505806,
  "blending": true,
  "begin_color": [
    0.5333333611488342,
    0.5333333611488342,
    0.501960813999176,
    0.13725490868091583
  ],
	"end_color": [
    0.5333333611488342,
    0.5333333611488342,
    0.501960813999176,
    0.0
  ],
  "count": 676,
  "end_angle": 6.2829999923706055,
  "gap_size": [
    0.0,
    0.0
  ],
  "image_path": "smoke.png",
  "max_spread_size": [
    58.0,
    431.0
  ],
  "particle_shape": 1,
  "position": [
    800.0,
    450.0,
    5.0
  ],
  "position_velocity": [
    11.0,
    0.0
  ],
  "shape": "particles",
  "size": [
    16.0,
    16.0
  ]
}