{
  "begin_angle": -0.7099999785423279,
  "end_angle": -1.590000033378601,

  "begin_time": 42713117825400,
  "loop": false,
  "blending": true,

  "begin_color": [0.054901961, 0.94901961, 0.24705882, 1.0],
  "end_color":   [0.054901961, 0.94901961, 0.24705882, 0.0],

  "count": 5,

  "expansion_power": 1.4199999570846558,

  "spawn_spacing": [0.0, 0.0],

  "start_spread": [24.0, 8.0],
  "end_spread":   [24.0, 8.0],

  "particle_shape": 1,

  "position": [800.0, 450.0, 10.0],

  "start_velocity": [22.0, -100.0],
  "end_velocity":   [22.0, -100.0],

  "start_size": [5.0, 5.0],
  "end_size":   [5.0, 5.0],

  "start_angle_velocity": [0.0, 0.0, 0.0],
  "end_angle_velocity":   [0.0, 0.0, 0.0],

  "jitter_start": [0.0, 0.0],
  "jitter_end":   [0.0, 0.0],
  "jitter_speed": 0.0,

  "image_path": "bubble.webp",
  "image_min_filter": 0,
  "image_mag_filter": 0,
  "image_visual_output": 3,

  "shape": "particles"
}