{
  "alive_time": 7.0,
  "begin_color": [
    0.0,
    0.6455361843109131,
    0.8313725590705872,
    0.9921568632125854
  ],
  "count": 1032,
  "end_angle": 1.5700000524520874,
  "end_angle_velocity": [
    0.0,
    0.0,
    0.30000001192092896
  ],
  "end_color": [
    1.0,
    1.0,
    1.0,
    0.37254902720451355
  ],
  "end_size": [
    2.0,
    2.0
  ],
  "end_spread": [
    10.0,
    10.0
  ],
  "end_velocity": [
    0.0,
    0.0
  ],
  "expansion_power": -3.4800000190734863,
  "image_path": "../images/circle.webp",
  "jitter_start": [
    4.0,
    4.0
  ],
  "position": [
    0.0,
    0.0,
    10.0
  ],
  "shape": "particles",
  "spawn_spacing": [
    1818.0,
    1154.0
  ],
  "start_size": [
    0.5,
    0.5
  ],
  "start_spread": [
    100.0,
    200.0
  ],
  "start_velocity": [
    0.0,
    0.0
  ]
}