{
  "alive_time": 2.0899999141693115,
  "begin_angle": 1.593999981880188,
  "begin_color": [
    0.3259425163269043,
    0.6792544722557068,
    0.7820672392845154,
    0.14509804546833038
  ],
  "count": 247,
  "end_angle": -0.05000000074505806,
  "end_color": [
    0.3747466206550598,
    0.3019607663154602,
    0.7254902124404907,
    0.0
  ],
  "expansion_power": 2.619999885559082,
  "gap_size": [
    0.0,
    0.0
  ],
  "image_path": "torch.png",
  "max_spread_size": [
    11.100000381469727,
    9.399999618530273
  ],
  "particle_shape": 1,
  "position": [
    800.0,
    450.0,
    7.0
  ],
  "position_velocity": [
    1.899999976158142,
    20.799999237060547
  ],
  "shape": "particles",
  "size": [
    7.0,
    8.0
  ],
  "size_velocity": [
    0.699999988079071,
    0.5
  ],
  "turbulence": [
    0.5,
    0.10000000149011612
  ],
  "turbulence_speed": 7.900000095367432
}