{
  "alive_time": 2.0899999141693115,

  "begin_angle": 1.593999981880188,
  "end_angle": -0.05000000074505806,

  "begin_color": [0.3259425163, 0.6792544723, 0.7820672393, 0.1450980455],
  "end_color":   [0.3747466207, 0.3019607663, 0.7254902124, 0.0],

  "count": 247,

  "expansion_power": 2.619999885559082,

  "spawn_spacing": [0.0, 0.0],

  "start_spread": [11.1000003815, 9.3999996185],
  "end_spread":   [11.1000003815, 9.3999996185],

  "particle_shape": 1,

  "position": [800.0, 450.0, 7.0],

  "start_velocity": [1.8999999762, 20.7999992371],
  "end_velocity":   [1.8999999762, 20.7999992371],

  "start_size": [7.0, 8.0],
  "end_size":   [7.6999999881, 8.5],

  "start_angle_velocity": [0.0, 0.0, 0.0],
  "end_angle_velocity":   [0.0, 0.0, 0.0],

  "jitter_start": [0.5, 0.1000000015],
  "jitter_end":   [0.5, 0.1000000015],
  "jitter_speed": 7.9000000954,

  "image_path": "torch.webp",

  "shape": "particles"
}