{
  "alive_time": 1817398656,
  "begin_angle": -3.140000104904175,
  "begin_time": 20835085154600,
  "blending": true,
  "color": [
    1.0,
    0.003735959529876709,
    0.003735959529876709,
    0.4117647111415863
  ],
  "count": 4890,
  "end_angle": 3.1410000324249268,
  "gap_size": [
    400.89898681640625,
    1.0
  ],
  "image_path": "waterdrop.webp",
  "max_spread_size": [
    10.0,
    1.0
  ],
  "position": [
    0.0,
    504.47698974609375,
    0.0
  ],
  "position_velocity": [
    556.623046875,
    -1444.0379638671875
  ],
  "shape": "particles",
  "size": [
    273.0790100097656,
    10.055999755859375
  ],
  "size_velocity": [
    -1.0,
    -1.0
  ]
}