{
  "alive_time": 17.940000534057617,
  "begin_color": [
    0.47843137383461,
    0.6117647290229797,
    0.9411764740943909,
    1.0
  ],
  "count": 10000,
  "end_angle": -1.5700000524520874,
  "end_color": [
    0.43529412150382996,
    0.48627451062202454,
    1.0,
    0.929411768913269
  ],
  "end_size": [
    12.0,
    12.0
  ],
  "end_spread": [
    10000.0,
    0.0
  ],
  "end_velocity": [
    0.0,
    10000.0
  ],
  "image_path": "../../../images/waterdrop.webp",
  "jitter_speed": 0.10000000149011612,
  "particle_shape": 1,
  "position": [
    1280.0,
    684.0,
    10.0
  ],
  "shape": "particles",
  "spawn_spacing": [
    0.0,
    0.0
  ],
  "start_size": [
    12.0,
    12.0
  ],
  "start_spread": [
    10000.0,
    0.0
  ],
  "start_velocity": [
    0.0,
    10000.0
  ]
}