{
  "alive_time": 7.440000057220459,
  "begin_color": [
    1.0,
    1.0,
    1.0,
    0.2666666805744171
  ],
  "count": 457,
  "end_angle": 0.5139999985694885,
  "end_color": [
    1.0,
    1.0,
    1.0,
    0.0
  ],
  "end_size": [
    32.0,
    32.0
  ],
  "end_spread": [
    0.0,
    0.0
  ],
  "end_velocity": [
    0.0,
    -19.799999237060547
  ],
  "expansion_power": 1.9199999570846558,
  "image_path": "../images/smoke.webp",
  "position": [
    1280.0,
    684.0,
    0.0
  ],
  "shape": "particles",
  "size_random_range": [
    2.700000047683716,
    6.599999904632568
  ],
  "spawn_spacing": [
    0.0,
    0.0
  ],
  "start_size": [
    0.0,
    0.0
  ],
  "start_spread": [
    0.0,
    0.0
  ],
  "start_velocity": [
    0.0,
    0.0
  ]
}