{
  "alive_time": 10.069999694824219,
  "begin_angle": 3.3340001106262207,
  "begin_color": [
    1.0,
    1.0,
    1.0,
    0.2666666805744171
  ],
  "count": 922,
  "end_angle": 2.9679999351501465,
  "end_color": [
    1.0,
    1.0,
    1.0,
    0.0
  ],
  "end_size": [
    32.0,
    32.0
  ],
  "end_spread": [
    0.0,
    0.0
  ],
  "end_velocity": [
    -3.4000000953674316,
    4.900000095367432
  ],
  "expansion_power": 2.0,
  "image_path": "../images/smoke.webp",
  "position": [
    1280.0,
    684.0,
    10.0
  ],
  "shape": "particles",
  "size_random_range": [
    2.700000047683716,
    6.599999904632568
  ],
  "spawn_spacing": [
    0.0,
    0.0
  ],
  "start_size": [
    0.0,
    0.0
  ],
  "start_spread": [
    0.0,
    0.0
  ],
  "start_velocity": [
    0.0,
    0.0
  ]
}