{
  "alive_time": 3.799999952316284,
  "angle": [
    0.0,
    0.0,
    -0.22100000083446503
  ],
  "begin_color": [
    0.19607843458652496,
    0.2980392277240753,
    0.3843137323856354,
    0.21568627655506134
  ],
  "count": 1500,
  "end_angle": -0.06599999964237213,
  "end_color": [
    1.19607843458652496,
    0.2980392277240753,
    0.3843137323856354,
    0.1568627655506134
  ],
  "end_size": [
    32.0,
    16.0
  ],
  "end_spread": [
    3000.0,
    0.0
  ],
  "end_velocity": [
    200.0,
    1500.0
  ],
  "image_path": "../images/waterdrop.webp",
  "particle_shape": 1,
  "position": [
    1280.0,
    684.0,
    0.0
  ],
  "shape": "particles",
  "spawn_spacing": [
    0.0,
    0.0
  ],
  "start_size": [
    32.0,
    8.0
  ],
  "start_spread": [
    3000.0,
    0.0
  ],
  "start_velocity": [
    200.0,
    1500.0
  ]
}