{
  "alive_time": 3.799999952316284,
  "begin_color": [
    0.19607843458652496,
    0.2980392277240753,
    0.3843137323856354,
    0.4431372582912445
  ],
  "count": 300,
  "end_angle": 0.0,
  "end_color": [
    0.19607843458652496,
    0.2980392277240753,
    0.3843137323856354,
    0.46666666865348816
  ],
  "end_size": [
    32.0,
    59.0
  ],
  "end_spread": [
    3000.0,
    0.0
  ],
  "end_velocity": [
    0.0,
    3000.0
  ],
  "image_path": "../images/waterdrop.webp",
  "particle_shape": 1,
  "position": [
    1280.0,
    684.0,
    0.0
  ],
  "shape": "particles",
  "spawn_spacing": [
    0.0,
    0.0
  ],
  "start_size": [
    32.0,
    32.0
  ],
  "start_spread": [
    3000.0,
    0.0
  ],
  "start_velocity": [
    0.0,
    3000.0
  ]
}