{
  "camera_position": [
    1166.468994140625,
    3899.84814453125,
    0.0
  ],
  "camera_zoom": 0.33489790558815,
  "gravity": [
    0.0,
    2508.800048828125
  ],
  "layer_info": [
    {
      "depth": 32084,
      "layer_name": "default\u0000\u0000\u0000\u0000\u0000\u0000\u0000\u0000\u0000\u0000\u0000\u0000\u0000\u0000\u0000\u0000\u0000\u0000\u0000\u0000\u0000\u0000\u0000\u0000\u0000"
    }
  ],
  "lighting.ambient": [
    1.0,
    1.0,
    1.0
  ],
  "map_size": [
    64,
    64
  ],
  "texture_packs": [
    "C:\\libs\\fan\\examples\\engine_demos\\practice_range\\textures.ftp"
  ],
  "tile_size": [
    32,
    32
  ],
  "tiles": [
    {
      "instance": {
        "count_x": 1,
        "count_y": 24,
        "delta_x": [
          64.0,
          0.0,
          0.0
        ],
        "delta_y": [
          0.0,
          64.0,
          0.0
        ]
      },
      "position": [
        0.0,
        2560.0,
        32084.0
      ],
      "shape": "sprite",
      "tc_position": [
        0.0078125,
        0.0078125
      ],
      "tc_size": [
        0.5,
        0.5
      ],
      "texture_pack_name": "tile0"
    },
    {
      "instance": {
        "count_x": 1,
        "count_y": 24,
        "delta_x": [
          64.0,
          0.0,
          0.0
        ],
        "delta_y": [
          0.0,
          64.0,
          0.0
        ]
      },
      "position": [
        4032.0,
        2560.0,
        32084.0
      ],
      "shape": "sprite",
      "tc_position": [
        0.0078125,
        0.0078125
      ],
      "tc_size": [
        0.5,
        0.5
      ],
      "texture_pack_name": "tile0"
    },
    {
      "instance": {
        "count_x": 62,
        "count_y": 1,
        "delta_x": [
          64.0,
          0.0,
          0.0
        ],
        "delta_y": [
          0.0,
          64.0,
          0.0
        ]
      },
      "position": [
        64.0,
        4032.0,
        32084.0
      ],
      "shape": "sprite",
      "tc_position": [
        0.0078125,
        0.0078125
      ],
      "tc_size": [
        0.5,
        0.5
      ],
      "texture_pack_name": "tile0"
    },
    {
      "mesh_property": 1,
      "physics_shape_data": {
        "fixed_rotation": true
      },
      "position": [
        0.0,
        3296.0,
        32094.0
      ],
      "shape": "sprite",
      "size": [
        32.0,
        768.0
      ]
    },
    {
      "mesh_property": 1,
      "physics_shape_data": {
        "fixed_rotation": true
      },
      "position": [
        2016.0,
        4032.0,
        32094.0
      ],
      "shape": "sprite",
      "size": [
        1984.0,
        32.0
      ]
    },
    {
      "mesh_property": 1,
      "physics_shape_data": {
        "fixed_rotation": true
      },
      "position": [
        4032.0,
        3296.0,
        32094.0
      ],
      "shape": "sprite",
      "size": [
        32.0,
        704.0
      ]
    },
    {
      "mesh_property": 1,
      "physics_shape_data": {
        "fixed_rotation": true
      },
      "position": [
        4032.0,
        4032.0,
        32094.0
      ],
      "shape": "sprite"
    },
    {
      "color": [
        1.0,
        1.0,
        1.0,
        1.0
      ],
      "mesh_property": 4,
      "position": [
        1856.0,
        3776.0,
        32084.0
      ],
      "shape": "sprite",
      "size": [
        32.0,
        32.0
      ]
    }
  ],
  "version": 1
}